{
    "model_name": "Sigmoid_mod",
    "epochs": 10,
    "metrics": {
        "accuracy": [
            0.2665505111217499,
            0.2878919839859009,
            0.2878919839859009,
            0.2878919839859009,
            0.2878919839859009,
            0.2878919839859009,
            0.2878919839859009,
            0.2878919839859009,
            0.2878919839859009,
            0.2878919839859009
        ],
        "loss": [
            14.728889465332031,
            1.3736562728881836,
            1.3666080236434937,
            1.3615024089813232,
            1.3576254844665527,
            1.3549400568008423,
            1.352944254875183,
            1.3515880107879639,
            1.3506245613098145,
            1.3498880863189697
        ],
        "val_accuracy": [
            0.2874564528465271,
            0.2874564528465271,
            0.2874564528465271,
            0.2874564528465271,
            0.2874564528465271,
            0.2874564528465271,
            0.2874564528465271,
            0.2874564528465271,
            0.2874564528465271,
            0.2874564528465271
        ],
        "val_loss": [
            1.37807035446167,
            1.3695964813232422,
            1.3638114929199219,
            1.359305739402771,
            1.3560625314712524,
            1.3537731170654297,
            1.3521180152893066,
            1.350862979888916,
            1.3500615358352661,
            1.3494577407836914
        ]
    }
}